DateTimeStamp,uptime,LifeSign,msg,potentiomenter,speed,acceleration,deceleration,accelerationDisplay,batteryVoltage,batteryCurrent,batteryErrors,batteryPrechargeState,pvOn,pvCurrent,motorOn,motorCurrent,mppt1Current,mppt2Current,mppt3Current,voltageMin,voltageAvg,voltageMax,T1,T2,T3,Tmin,Tmax,driveDirection,constantMode,displayStatus,targetSpeed,Kp,Ki,Kd,targetPower,engineerInfo,driverInfo,speedArrow,
2026-06-08T23:08:26, 00:01:59, 620, Recent State just after mounting, 4643, 0, 0, 0, 0, 0, 0, [], ERROR, 0, 0, 1, 0, 0, 0, 0, 0, 0, 0, 0, 0, 0, 0, 0, fwd, SPEED, SPEED, 0, 20, 15, 1, 0, "EngInf : SD card mounted.", "DrvInf STATUS: ok.", OFF
2026-06-08T23:08:26, 00:01:59, 620, log, 4643, 0, 0, 0, 0, 0, 0, [], ERROR, 0, 0, 1, 0, 0, 0, 0, 0, 0, 0, 0, 0, 0, 0, 0, fwd, SPEED, SPEED, 0, 20, 15, 1, 0, "EngInf : SD card mounted.#Log to SD card", "DrvInf STATUS: ok.", OFF
2026-06-08T23:08:27, 00:02:00, 622, log, 4644, 0, 0, 0, 0, 0, 0, [], ERROR, 0, 0, 1, 0, 0, 0, 0, 0, 0, 0, 0, 0, 0, 0, 0, fwd, SPEED, SPEED, 0, 20, 15, 1, 0, "EngInf : SD card mounted.#Log to SD card", "DrvInf STATUS: ok.", OFF
2026-06-08T23:08:28, 00:02:01, 624, log, 4644, 0, 0, 0, 0, 0, 0, [], ERROR, 0, 0, 1, 0, 0, 0, 0, 0, 0, 0, 0, 0, 0, 0, 0, fwd, SPEED, SPEED, 0, 20, 15, 1, 0, "EngInf : SD card mounted.#Log to SD card", "DrvInf STATUS: ok.", OFF
2026-06-08T23:08:29, 00:02:02, 626, log, 4643, 0, 0, 0, 0, 0, 0, [], ERROR, 0, 0, 1, 0, 0, 0, 0, 0, 0, 0, 0, 0, 0, 0, 0, fwd, SPEED, SPEED, 0, 20, 15, 1, 0, "EngInf : SD card mounted.#Log to SD card", "DrvInf STATUS: ok.", OFF
2026-06-08T23:08:30, 00:02:03, 628, log, 4643, 0, 0, 0, 0, 0, 0, [], ERROR, 0, 0, 1, 0, 0, 0, 0, 0, 0, 0, 0, 0, 0, 0, 0, fwd, SPEED, DRIVER_BACKGROUND, 0, 20, 15, 1, 0, "EngInf : SD card mounted.#Log to SD card", "DrvInf STATUS: ok.", OFF
2026-06-08T23:08:31, 00:02:04, 630, log, 4642, 0, 0, 0, 0, 0, 0, [], ERROR, 0, 0, 1, 0, 0, 0, 0, 0, 0, 0, 0, 0, 0, 0, 0, fwd, SPEED, DRIVER_RUNNING, 0, 20, 15, 1, 0, "EngInf : SD card mounted.#Log to SD card", "DrvInf STATUS: ok.", OFF
2026-06-08T23:08:32, 00:02:05, 632, log, 4645, 0, 0, 0, 0, 0, 0, [], ERROR, 0, 0, 1, 0, 0, 0, 0, 0, 0, 0, 0, 0, 0, 0, 0, fwd, SPEED, DRIVER_RUNNING, 0, 20, 15, 1, 0, "EngInf : SD card mounted.#Log to SD card", "DrvInf STATUS: ok.", OFF
2026-06-08T23:08:33, 00:02:06, 634, log, 4644, 0, 0, 0, 0, 0, 0, [], ERROR, 0, 0, 1, 0, 0, 0, 0, 0, 0, 0, 0, 0, 0, 0, 0, fwd, SPEED, DRIVER_RUNNING, 0, 20, 15, 1, 0, "EngInf : ", "DrvInf STATUS: ok.", OFF
2026-06-08T23:08:34, 00:02:07, 636, log, 4641, 0, 0, 0, 0, 0, 0, [], ERROR, 0, 0, 1, 0, 0, 0, 0, 0, 0, 0, 0, 0, 0, 0, 0, fwd, SPEED, DRIVER_RUNNING, 0, 20, 15, 1, 0, "EngInf : ", "DrvInf STATUS: ok.", OFF
2026-06-08T23:08:35, 00:02:08, 638, log, 4644, 0, 0, 0, 0, 0, 0, [], ERROR, 0, 0, 1, 0, 0, 0, 0, 0, 0, 0, 0, 0, 0, 0, 0, fwd, SPEED, DRIVER_RUNNING, 0, 20, 15, 1, 0, "EngInf : ", "DrvInf STATUS: ok.", OFF
2026-06-08T23:08:36, 00:02:09, 640, log, 4644, 0, 0, 0, 0, 0, 0, [], ERROR, 0, 0, 1, 0, 0, 0, 0, 0, 0, 0, 0, 0, 0, 0, 0, fwd, SPEED, DRIVER_RUNNING, 0, 20, 15, 1, 0, "EngInf : ", "DrvInf STATUS: ok.", OFF
2026-06-08T23:08:37, 00:02:10, 642, log, 4644, 0, 0, 0, 0, 0, 0, [], ERROR, 0, 0, 1, 0, 0, 0, 0, 0, 0, 0, 0, 0, 0, 0, 0, fwd, SPEED, DRIVER_RUNNING, 0, 20, 15, 1, 0, "EngInf : ", "DrvInf STATUS: ok.", OFF
2026-06-08T23:08:38, 00:02:11, 644, log, 4642, 0, 0, 0, 0, 0, 0, [], ERROR, 0, 0, 1, 0, 0, 0, 0, 0, 0, 0, 0, 0, 0, 0, 0, fwd, SPEED, DRIVER_RUNNING, 0, 20, 15, 1, 0, "EngInf : ", "DrvInf STATUS: ok.", OFF
2026-06-08T23:08:39, 00:02:12, 646, log, 4644, 0, 0, 0, 0, 0, 0, [], ERROR, 0, 0, 1, 0, 0, 0, 0, 0, 0, 0, 0, 0, 0, 0, 0, fwd, SPEED, DRIVER_RUNNING, 0, 20, 15, 1, 0, "EngInf : ", "DrvInf STATUS: ok.", OFF
2026-06-08T23:08:40, 00:02:13, 647, log, 4641, 0, 0, 0, 0, 0, 0, [], ERROR, 0, 0, 1, 0, 0, 0, 0, 0, 0, 0, 0, 0, 0, 0, 0, fwd, SPEED, DRIVER_RUNNING, 0, 20, 15, 1, 0, "EngInf : ", "DrvInf STATUS: ok.", OFF
2026-06-08T23:08:41, 00:02:14, 646, log, 4641, 0, 0, 0, 0, 0, 0, [], ERROR, 0, 0, 1, 0, 0, 0, 0, 0, 0, 0, 0, 0, 0, 0, 0, fwd, SPEED, DRIVER_RUNNING, 0, 20, 15, 1, 0, "EngInf : ", "DrvInf STATUS: ok.", OFF
2026-06-08T23:08:42, 00:02:15, 647, log, 4644, 0, 0, 0, 0, 0, 0, [], ERROR, 0, 0, 1, 0, 0, 0, 0, 0, 0, 0, 0, 0, 0, 0, 0, fwd, SPEED, DRIVER_RUNNING, 0, 20, 15, 1, 0, "EngInf : ", "DrvInf STATUS: ok.", OFF
2026-06-08T23:08:43, 00:02:16, 647, log, 4644, 0, 0, 0, 0, 0, 0, [], ERROR, 0, 0, 1, 0, 0, 0, 0, 0, 0, 0, 0, 0, 0, 0, 0, fwd, SPEED, DRIVER_RUNNING, 0, 20, 15, 1, 0, "EngInf : ", "DrvInf STATUS: ok.", OFF
2026-06-08T23:08:44, 00:02:17, 648, log, 4644, 0, 0, 0, 0, 0, 0, [], ERROR, 0, 0, 1, 0, 0, 0, 0, 0, 0, 0, 0, 0, 0, 0, 0, fwd, SPEED, DRIVER_RUNNING, 0, 20, 15, 1, 0, "EngInf : ", "DrvInf STATUS: ok.", OFF
2026-06-08T23:08:45, 00:02:18, 650, log, 4641, 0, 0, 0, 0, 0, 0, [], ERROR, 0, 0, 1, 0, 0, 0, 0, 0, 0, 0, 0, 0, 0, 0, 0, fwd, SPEED, DRIVER_RUNNING, 0, 20, 15, 1, 0, "EngInf : ", "DrvInf STATUS: ok.", OFF
2026-06-08T23:08:46, 00:02:19, 651, log, 4644, 0, 0, 0, 0, 0, 0, [], ERROR, 0, 0, 1, 0, 0, 0, 0, 0, 0, 0, 0, 0, 0, 0, 0, fwd, SPEED, DRIVER_RUNNING, 0, 20, 15, 1, 0, "EngInf : ", "DrvInf STATUS: ok.", OFF
2026-06-08T23:08:47, 00:02:20, 652, log, 4644, 0, 0, 0, 0, 0, 0, [], ERROR, 0, 0, 1, 0, 0, 0, 0, 0, 0, 0, 0, 0, 0, 0, 0, fwd, SPEED, DRIVER_RUNNING, 0, 20, 15, 1, 0, "EngInf : ", "DrvInf STATUS: ok.", OFF
2026-06-08T23:08:48, 00:02:21, 653, log, 4641, 0, 0, 0, 0, 0, 0, [], ERROR, 0, 0, 1, 0, 0, 0, 0, 0, 0, 0, 0, 0, 0, 0, 0, fwd, SPEED, DRIVER_RUNNING, 0, 20, 15, 1, 0, "EngInf : ", "DrvInf STATUS: ok.", OFF
2026-06-08T23:08:49, 00:02:22, 653, log, 4644, 0, 0, 0, 0, 0, 0, [], ERROR, 0, 0, 1, 0, 0, 0, 0, 0, 0, 0, 0, 0, 0, 0, 0, fwd, SPEED, DRIVER_RUNNING, 0, 20, 15, 1, 0, "EngInf : ", "DrvInf STATUS: ok.", OFF
2026-06-08T23:08:50, 00:02:23, 655, log, 4643, 0, 0, 0, 0, 0, 0, [], ERROR, 0, 0, 1, 0, 0, 0, 0, 0, 0, 0, 0, 0, 0, 0, 0, fwd, SPEED, DRIVER_RUNNING, 0, 20, 15, 1, 0, "EngInf : ", "DrvInf STATUS: ok.", OFF
2026-06-08T23:08:51, 00:02:24, 657, log, 4643, 0, 0, 0, 0, 0, 0, [], ERROR, 0, 0, 1, 0, 0, 0, 0, 0, 0, 0, 0, 0, 0, 0, 0, fwd, SPEED, DRIVER_RUNNING, 0, 20, 15, 1, 0, "EngInf : ", "DrvInf STATUS: ok.", OFF
2026-06-08T23:08:52, 00:02:25, 658, log, 4643, 0, 0, 0, 0, 0, 0, [], ERROR, 0, 0, 1, 0, 0, 0, 0, 0, 0, 0, 0, 0, 0, 0, 0, fwd, SPEED, DRIVER_RUNNING, 0, 20, 15, 1, 0, "EngInf : ", "DrvInf STATUS: ok.", OFF
2026-06-08T23:08:53, 00:02:26, 659, log, 4643, 0, 0, 0, 0, 0, 0, [], ERROR, 0, 0, 1, 0, 0, 0, 0, 0, 0, 0, 0, 0, 0, 0, 0, fwd, SPEED, DRIVER_RUNNING, 0, 20, 15, 1, 0, "EngInf : ", "DrvInf STATUS: ok.", OFF
2026-06-08T23:08:54, 00:02:27, 660, log, 4643, 0, 0, 0, 0, 0, 0, [], ERROR, 0, 0, 1, 0, 0, 0, 0, 0, 0, 0, 0, 0, 0, 0, 0, fwd, SPEED, DRIVER_RUNNING, 0, 20, 15, 1, 0, "EngInf : ", "DrvInf STATUS: ok.", OFF
2026-06-08T23:08:56, 00:02:29, 662, log, 4645, 0, 0, 0, 0, 0, 0, [], ERROR, 0, 0, 1, 0, 0, 0, 0, 0, 0, 0, 0, 0, 0, 0, 0, fwd, SPEED, DRIVER_RUNNING, 0, 20, 15, 1, 0, "EngInf : ", "DrvInf STATUS: ok.", OFF
2026-06-08T23:08:57, 00:02:30, 664, log, 4642, 0, 0, 0, 0, 0, 0, [], ERROR, 0, 0, 1, 0, 0, 0, 0, 0, 0, 0, 0, 0, 0, 0, 0, fwd, SPEED, DRIVER_RUNNING, 0, 20, 15, 1, 0, "EngInf : ", "DrvInf STATUS: ok.", OFF
2026-06-08T23:08:58, 00:02:31, 666, log, 4645, 0, 0, 0, 0, 0, 0, [], ERROR, 0, 0, 1, 0, 0, 0, 0, 0, 0, 0, 0, 0, 0, 0, 0, fwd, SPEED, DRIVER_RUNNING, 0, 20, 15, 1, 0, "EngInf : ", "DrvInf STATUS: ok.", OFF
2026-06-08T23:08:59, 00:02:32, 668, log, 4642, 0, 0, 0, 0, 0, 0, [], ERROR, 0, 0, 1, 0, 0, 0, 0, 0, 0, 0, 0, 0, 0, 0, 0, fwd, SPEED, DRIVER_RUNNING, 0, 20, 15, 1, 0, "EngInf : ", "DrvInf STATUS: ok.", OFF
2026-06-08T23:09:00, 00:02:33, 670, log, 4644, 0, 0, 0, 0, 0, 0, [], ERROR, 0, 0, 1, 0, 0, 0, 0, 0, 0, 0, 0, 0, 0, 0, 0, fwd, SPEED, DRIVER_RUNNING, 0, 20, 15, 1, 0, "EngInf : ", "DrvInf STATUS: ok.", OFF
2026-06-08T23:09:01, 00:02:34, 672, log, 4644, 0, 0, 0, 0, 0, 0, [], ERROR, 0, 0, 1, 0, 0, 0, 0, 0, 0, 0, 0, 0, 0, 0, 0, fwd, SPEED, DRIVER_RUNNING, 0, 20, 15, 1, 0, "EngInf : ", "DrvInf STATUS: ok.", OFF
2026-06-08T23:09:02, 00:02:35, 674, log, 4643, 0, 0, 0, 0, 0, 0, [], ERROR, 0, 0, 1, 0, 0, 0, 0, 0, 0, 0, 0, 0, 0, 0, 0, fwd, SPEED, DRIVER_RUNNING, 0, 20, 15, 1, 0, "EngInf : ", "DrvInf STATUS: ok.", OFF
2026-06-08T23:09:03, 00:02:36, 676, log, 4643, 0, 0, 0, 0, 0, 0, [], ERROR, 0, 0, 1, 0, 0, 0, 0, 0, 0, 0, 0, 0, 0, 0, 0, fwd, SPEED, DRIVER_RUNNING, 0, 20, 15, 1, 0, "EngInf : ", "DrvInf STATUS: ok.", OFF
2026-06-08T23:09:04, 00:02:37, 678, log, 4644, 0, 0, 0, 0, 0, 0, [], ERROR, 0, 0, 1, 0, 0, 0, 0, 0, 0, 0, 0, 0, 0, 0, 0, fwd, SPEED, DRIVER_RUNNING, 0, 20, 15, 1, 0, "EngInf : ", "DrvInf STATUS: ok.", OFF
2026-06-08T23:09:05, 00:02:38, 680, log, 4644, 0, 0, 0, 0, 0, 0, [], ERROR, 0, 0, 1, 0, 0, 0, 0, 0, 0, 0, 0, 0, 0, 0, 0, fwd, SPEED, DRIVER_RUNNING, 0, 20, 15, 1, 0, "EngInf : ", "DrvInf STATUS: ok.", OFF
2026-06-08T23:09:06, 00:02:39, 682, log, 4644, 0, 0, 0, 0, 0, 0, [], ERROR, 0, 0, 1, 0, 0, 0, 0, 0, 0, 0, 0, 0, 0, 0, 0, fwd, SPEED, DRIVER_RUNNING, 0, 20, 15, 1, 0, "EngInf : ", "DrvInf STATUS: ok.", OFF
2026-06-08T23:09:07, 00:02:40, 684, log, 4641, 0, 0, 0, 0, 0, 0, [], ERROR, 0, 0, 1, 0, 0, 0, 0, 0, 0, 0, 0, 0, 0, 0, 0, fwd, SPEED, DRIVER_RUNNING, 0, 20, 15, 1, 0, "EngInf : ", "DrvInf STATUS: ok.", OFF
2026-06-08T23:09:08, 00:02:41, 686, log, 4644, 0, 0, 0, 0, 0, 0, [], ERROR, 0, 0, 1, 0, 0, 0, 0, 0, 0, 0, 0, 0, 0, 0, 0, fwd, SPEED, DRIVER_RUNNING, 0, 20, 15, 1, 0, "EngInf : ", "DrvInf STATUS: ok.", OFF
2026-06-08T23:09:09, 00:02:42, 688, log, 4642, 0, 0, 0, 0, 0, 0, [], ERROR, 0, 0, 1, 0, 0, 0, 0, 0, 0, 0, 0, 0, 0, 0, 0, fwd, SPEED, DRIVER_RUNNING, 0, 20, 15, 1, 0, "EngInf : ", "DrvInf STATUS: ok.", OFF
2026-06-08T23:09:10, 00:02:43, 690, log, 4642, 0, 0, 0, 0, 0, 0, [], ERROR, 0, 0, 1, 0, 0, 0, 0, 0, 0, 0, 0, 0, 0, 0, 0, fwd, SPEED, DRIVER_RUNNING, 0, 20, 15, 1, 0, "EngInf : ", "DrvInf STATUS: ok.", OFF
2026-06-08T23:09:11, 00:02:44, 692, log, 4642, 0, 0, 0, 0, 0, 0, [], ERROR, 0, 0, 1, 0, 0, 0, 0, 0, 0, 0, 0, 0, 0, 0, 0, fwd, SPEED, DRIVER_RUNNING, 0, 20, 15, 1, 0, "EngInf : ", "DrvInf STATUS: ok.", OFF
2026-06-08T23:09:12, 00:02:45, 694, log, 4645, 0, 0, 0, 0, 0, 0, [], ERROR, 0, 0, 1, 0, 0, 0, 0, 0, 0, 0, 0, 0, 0, 0, 0, fwd, SPEED, DRIVER_RUNNING, 0, 20, 15, 1, 0, "EngInf : ", "DrvInf STATUS: ok.", OFF
2026-06-08T23:09:13, 00:02:46, 696, log, 4641, 0, 0, 0, 0, 0, 0, [], ERROR, 0, 0, 1, 0, 0, 0, 0, 0, 0, 0, 0, 0, 0, 0, 0, fwd, SPEED, DRIVER_RUNNING, 0, 20, 15, 1, 0, "EngInf : ", "DrvInf STATUS: ok.", OFF
2026-06-08T23:09:14, 00:02:47, 698, log, 4645, 0, 0, 0, 0, 0, 0, [], ERROR, 0, 0, 1, 0, 0, 0, 0, 0, 0, 0, 0, 0, 0, 0, 0, fwd, SPEED, DRIVER_RUNNING, 0, 20, 15, 1, 0, "EngInf : ", "DrvInf STATUS: ok.", OFF
2026-06-08T23:09:15, 00:02:48, 700, log, 4643, 0, 0, 0, 0, 0, 0, [], ERROR, 0, 0, 1, 0, 0, 0, 0, 0, 0, 0, 0, 0, 0, 0, 0, fwd, SPEED, DRIVER_RUNNING, 0, 20, 15, 1, 0, "EngInf : ", "DrvInf STATUS: ok.", OFF
2026-06-08T23:09:16, 00:02:49, 702, log, 4644, 0, 0, 0, 0, 0, 0, [], ERROR, 0, 0, 1, 0, 0, 0, 0, 0, 0, 0, 0, 0, 0, 0, 0, fwd, SPEED, DRIVER_RUNNING, 0, 20, 15, 1, 0, "EngInf : ", "DrvInf STATUS: ok.", OFF
2026-06-08T23:09:17, 00:02:50, 704, log, 4644, 0, 0, 0, 0, 0, 0, [], ERROR, 0, 0, 1, 0, 0, 0, 0, 0, 0, 0, 0, 0, 0, 0, 0, fwd, SPEED, DRIVER_RUNNING, 0, 20, 15, 1, 0, "EngInf : ", "DrvInf STATUS: ok.", OFF
2026-06-08T23:09:18, 00:02:51, 706, log, 4644, 0, 0, 0, 0, 0, 0, [], ERROR, 0, 0, 1, 0, 0, 0, 0, 0, 0, 0, 0, 0, 0, 0, 0, fwd, SPEED, DRIVER_RUNNING, 0, 20, 15, 1, 0, "EngInf : ", "DrvInf STATUS: ok.", OFF
2026-06-08T23:09:19, 00:02:52, 708, log, 4641, 0, 0, 0, 0, 0, 0, [], ERROR, 0, 0, 1, 0, 0, 0, 0, 0, 0, 0, 0, 0, 0, 0, 0, fwd, SPEED, DRIVER_RUNNING, 0, 20, 15, 1, 0, "EngInf : ", "DrvInf STATUS: ok.", OFF
2026-06-08T23:09:20, 00:02:53, 710, log, 4644, 0, 0, 0, 0, 0, 0, [], ERROR, 0, 0, 1, 0, 0, 0, 0, 0, 0, 0, 0, 0, 0, 0, 0, fwd, SPEED, DRIVER_RUNNING, 0, 20, 15, 1, 0, "EngInf : ", "DrvInf STATUS: ok.", OFF
2026-06-08T23:09:21, 00:02:54, 712, log, 4644, 0, 0, 0, 0, 0, 0, [], ERROR, 0, 0, 1, 0, 0, 0, 0, 0, 0, 0, 0, 0, 0, 0, 0, fwd, SPEED, DRIVER_RUNNING, 0, 20, 15, 1, 0, "EngInf : ", "DrvInf STATUS: ok.", OFF
2026-06-08T23:09:22, 00:02:55, 714, log, 4644, 0, 0, 0, 0, 0, 0, [], ERROR, 0, 0, 1, 0, 0, 0, 0, 0, 0, 0, 0, 0, 0, 0, 0, fwd, SPEED, DRIVER_RUNNING, 0, 20, 15, 1, 0, "EngInf : ", "DrvInf STATUS: ok.", OFF
2026-06-08T23:09:23, 00:02:56, 716, log, 4641, 0, 0, 0, 0, 0, 0, [], ERROR, 0, 0, 1, 0, 0, 0, 0, 0, 0, 0, 0, 0, 0, 0, 0, fwd, SPEED, DRIVER_RUNNING, 0, 20, 15, 1, 0, "EngInf : ", "DrvInf STATUS: ok.", OFF
2026-06-08T23:09:24, 00:02:57, 718, log, 4641, 0, 0, 0, 0, 0, 0, [], ERROR, 0, 0, 1, 0, 0, 0, 0, 0, 0, 0, 0, 0, 0, 0, 0, fwd, SPEED, DRIVER_RUNNING, 0, 20, 15, 1, 0, "EngInf : ", "DrvInf STATUS: ok.", OFF
2026-06-08T23:09:25, 00:02:58, 719, log, 4644, 0, 0, 0, 0, 0, 0, [], ERROR, 0, 0, 1, 0, 0, 0, 0, 0, 0, 0, 0, 0, 0, 0, 0, fwd, SPEED, DRIVER_RUNNING, 0, 20, 15, 1, 0, "EngInf : ", "DrvInf STATUS: ok.", OFF
2026-06-08T23:09:26, 00:02:59, 721, log, 4644, 0, 0, 0, 0, 0, 0, [], ERROR, 0, 0, 1, 0, 0, 0, 0, 0, 0, 0, 0, 0, 0, 0, 0, fwd, SPEED, DRIVER_RUNNING, 0, 20, 15, 1, 0, "EngInf : ", "DrvInf STATUS: ok.", OFF
2026-06-08T23:09:27, 00:03:00, 723, log, 4644, 0, 0, 0, 0, 0, 0, [], ERROR, 0, 0, 1, 0, 0, 0, 0, 0, 0, 0, 0, 0, 0, 0, 0, fwd, SPEED, DRIVER_RUNNING, 0, 20, 15, 1, 0, "EngInf : ", "DrvInf STATUS: ok.", OFF
2026-06-08T23:09:28, 00:03:01, 725, log, 4643, 0, 0, 0, 0, 0, 0, [], ERROR, 0, 0, 1, 0, 0, 0, 0, 0, 0, 0, 0, 0, 0, 0, 0, fwd, SPEED, DRIVER_RUNNING, 0, 20, 15, 1, 0, "EngInf : ", "DrvInf STATUS: ok.", OFF
2026-06-08T23:09:29, 00:03:02, 727, log, 4643, 0, 0, 0, 0, 0, 0, [], ERROR, 0, 0, 1, 0, 0, 0, 0, 0, 0, 0, 0, 0, 0, 0, 0, fwd, SPEED, DRIVER_RUNNING, 0, 20, 15, 1, 0, "EngInf : ", "DrvInf STATUS: ok.", OFF
2026-06-08T23:09:30, 00:03:03, 727, log, 4643, 0, 0, 0, 0, 0, 0, [], ERROR, 0, 0, 1, 0, 0, 0, 0, 0, 0, 0, 0, 0, 0, 0, 0, fwd, SPEED, DRIVER_RUNNING, 0, 20, 15, 1, 0, "EngInf : ", "DrvInf STATUS: ok.", OFF
2026-06-08T23:09:31, 00:03:04, 728, log, 4643, 0, 0, 0, 0, 0, 0, [], ERROR, 0, 0, 1, 0, 0, 0, 0, 0, 0, 0, 0, 0, 0, 0, 0, fwd, SPEED, DRIVER_RUNNING, 0, 20, 15, 1, 0, "EngInf : ", "DrvInf STATUS: ok.", OFF
2026-06-08T23:09:32, 00:03:05, 730, log, 4643, 0, 0, 0, 0, 0, 0, [], ERROR, 0, 0, 1, 0, 0, 0, 0, 0, 0, 0, 0, 0, 0, 0, 0, fwd, SPEED, DRIVER_RUNNING, 0, 20, 15, 1, 0, "EngInf : ", "DrvInf STATUS: ok.", OFF
2026-06-08T23:09:33, 00:03:06, 732, log, 4643, 0, 0, 0, 0, 0, 0, [], ERROR, 0, 0, 1, 0, 0, 0, 0, 0, 0, 0, 0, 0, 0, 0, 0, fwd, SPEED, DRIVER_RUNNING, 0, 20, 15, 1, 0, "EngInf : ", "DrvInf STATUS: ok.", OFF
2026-06-08T23:09:34, 00:03:07, 734, log, 4643, 0, 0, 0, 0, 0, 0, [], ERROR, 0, 0, 1, 0, 0, 0, 0, 0, 0, 0, 0, 0, 0, 0, 0, fwd, SPEED, DRIVER_RUNNING, 0, 20, 15, 1, 0, "EngInf : ", "DrvInf STATUS: ok.", OFF
2026-06-08T23:09:35, 00:03:08, 736, log, 4640, 0, 0, 0, 0, 0, 0, [], ERROR, 0, 0, 1, 0, 0, 0, 0, 0, 0, 0, 0, 0, 0, 0, 0, fwd, SPEED, DRIVER_RUNNING, 0, 20, 15, 1, 0, "EngInf : ", "DrvInf STATUS: ok.", OFF
2026-06-08T23:09:36, 00:03:09, 737, log, 4642, 0, 0, 0, 0, 0, 0, [], ERROR, 0, 0, 1, 0, 0, 0, 0, 0, 0, 0, 0, 0, 0, 0, 0, fwd, SPEED, DRIVER_RUNNING, 0, 20, 15, 1, 0, "EngInf : ", "DrvInf STATUS: ok.", OFF
2026-06-08T23:09:37, 00:03:10, 738, log, 4642, 0, 0, 0, 0, 0, 0, [], ERROR, 0, 0, 1, 0, 0, 0, 0, 0, 0, 0, 0, 0, 0, 0, 0, fwd, SPEED, DRIVER_RUNNING, 0, 20, 15, 1, 0, "EngInf : ", "DrvInf STATUS: ok.", OFF
2026-06-08T23:09:38, 00:03:11, 739, log, 4642, 0, 0, 0, 0, 0, 0, [], ERROR, 0, 0, 1, 0, 0, 0, 0, 0, 0, 0, 0, 0, 0, 0, 0, fwd, SPEED, DRIVER_RUNNING, 0, 20, 15, 1, 0, "EngInf : ", "DrvInf STATUS: ok.", OFF
2026-06-08T23:09:39, 00:03:12, 741, log, 4642, 0, 0, 0, 0, 0, 0, [], ERROR, 0, 0, 1, 0, 0, 0, 0, 0, 0, 0, 0, 0, 0, 0, 0, fwd, SPEED, DRIVER_RUNNING, 0, 20, 15, 1, 0, "EngInf : ", "DrvInf STATUS: ok.", OFF
2026-06-08T23:09:40, 00:03:13, 743, log, 4642, 0, 0, 0, 0, 0, 0, [], ERROR, 0, 0, 1, 0, 0, 0, 0, 0, 0, 0, 0, 0, 0, 0, 0, fwd, SPEED, DRIVER_RUNNING, 0, 20, 15, 1, 0, "EngInf : ", "DrvInf STATUS: ok.", OFF
2026-06-08T23:09:41, 00:03:14, 745, log, 4642, 0, 0, 0, 0, 0, 0, [], ERROR, 0, 0, 1, 0, 0, 0, 0, 0, 0, 0, 0, 0, 0, 0, 0, fwd, SPEED, DRIVER_RUNNING, 0, 20, 15, 1, 0, "EngInf : ", "DrvInf STATUS: ok.", OFF
2026-06-08T23:09:42, 00:03:15, 747, log, 4642, 0, 0, 0, 0, 0, 0, [], ERROR, 0, 0, 1, 0, 0, 0, 0, 0, 0, 0, 0, 0, 0, 0, 0, fwd, SPEED, DRIVER_RUNNING, 0, 20, 15, 1, 0, "EngInf : ", "DrvInf STATUS: ok.", OFF
2026-06-08T23:09:43, 00:03:16, 749, log, 4643, 0, 0, 0, 0, 0, 0, [], ERROR, 0, 0, 1, 0, 0, 0, 0, 0, 0, 0, 0, 0, 0, 0, 0, fwd, SPEED, DRIVER_RUNNING, 0, 20, 15, 1, 0, "EngInf : ", "DrvInf STATUS: ok.", OFF
2026-06-08T23:09:44, 00:03:17, 751, log, 4643, 0, 0, 0, 0, 0, 0, [], ERROR, 0, 0, 1, 0, 0, 0, 0, 0, 0, 0, 0, 0, 0, 0, 0, fwd, SPEED, DRIVER_RUNNING, 0, 20, 15, 1, 0, "EngInf : ", "DrvInf STATUS: ok.", OFF
2026-06-08T23:09:45, 00:03:18, 753, log, 4643, 0, 0, 0, 0, 0, 0, [], ERROR, 0, 0, 1, 0, 0, 0, 0, 0, 0, 0, 0, 0, 0, 0, 0, fwd, SPEED, DRIVER_RUNNING, 0, 20, 15, 1, 0, "EngInf : ", "DrvInf STATUS: ok.", OFF
2026-06-08T23:09:46, 00:03:19, 755, log, 4640, 0, 0, 0, 0, 0, 0, [], ERROR, 0, 0, 1, 0, 0, 0, 0, 0, 0, 0, 0, 0, 0, 0, 0, fwd, SPEED, DRIVER_RUNNING, 0, 20, 15, 1, 0, "EngInf : ", "DrvInf STATUS: ok.", OFF
2026-06-08T23:09:47, 00:03:20, 757, log, 4643, 0, 0, 0, 0, 0, 0, [], ERROR, 0, 0, 1, 0, 0, 0, 0, 0, 0, 0, 0, 0, 0, 0, 0, fwd, SPEED, DRIVER_RUNNING, 0, 20, 15, 1, 0, "EngInf : ", "DrvInf STATUS: ok.", OFF
2026-06-08T23:09:48, 00:03:21, 759, log, 4642, 0, 0, 0, 0, 0, 0, [], ERROR, 0, 0, 1, 0, 0, 0, 0, 0, 0, 0, 0, 0, 0, 0, 0, fwd, SPEED, DRIVER_RUNNING, 0, 20, 15, 1, 0, "EngInf : ", "DrvInf STATUS: ok.", OFF
2026-06-08T23:09:49, 00:03:22, 761, log, 4642, 0, 0, 0, 0, 0, 0, [], ERROR, 0, 0, 1, 0, 0, 0, 0, 0, 0, 0, 0, 0, 0, 0, 0, fwd, SPEED, DRIVER_RUNNING, 0, 20, 15, 1, 0, "EngInf : ", "DrvInf STATUS: ok.", OFF
2026-06-08T23:09:50, 00:03:23, 763, log, 4642, 0, 0, 0, 0, 0, 0, [], ERROR, 0, 0, 1, 0, 0, 0, 0, 0, 0, 0, 0, 0, 0, 0, 0, fwd, SPEED, DRIVER_RUNNING, 0, 20, 15, 1, 0, "EngInf : ", "DrvInf STATUS: ok.", OFF
2026-06-08T23:09:51, 00:03:24, 765, log, 4642, 0, 0, 0, 0, 0, 0, [], ERROR, 0, 0, 1, 0, 0, 0, 0, 0, 0, 0, 0, 0, 0, 0, 0, fwd, SPEED, DRIVER_RUNNING, 0, 20, 15, 1, 0, "EngInf : ", "DrvInf STATUS: ok.", OFF
2026-06-08T23:09:52, 00:03:25, 767, log, 4642, 0, 0, 0, 0, 0, 0, [], ERROR, 0, 0, 1, 0, 0, 0, 0, 0, 0, 0, 0, 0, 0, 0, 0, fwd, SPEED, DRIVER_RUNNING, 0, 20, 15, 1, 0, "EngInf : ", "DrvInf STATUS: ok.", OFF
2026-06-08T23:09:53, 00:03:26, 769, log, 4642, 0, 0, 0, 0, 0, 0, [], ERROR, 0, 0, 1, 0, 0, 0, 0, 0, 0, 0, 0, 0, 0, 0, 0, fwd, SPEED, DRIVER_RUNNING, 0, 20, 15, 1, 0, "EngInf : ", "DrvInf STATUS: ok.", OFF
2026-06-08T23:09:54, 00:03:27, 771, log, 4642, 0, 0, 0, 0, 0, 0, [], ERROR, 0, 0, 1, 0, 0, 0, 0, 0, 0, 0, 0, 0, 0, 0, 0, fwd, SPEED, DRIVER_RUNNING, 0, 20, 15, 1, 0, "EngInf : ", "DrvInf STATUS: ok.", OFF
2026-06-08T23:09:55, 00:03:28, 773, log, 4642, 0, 0, 0, 0, 0, 0, [], ERROR, 0, 0, 1, 0, 0, 0, 0, 0, 0, 0, 0, 0, 0, 0, 0, fwd, SPEED, DRIVER_RUNNING, 0, 20, 15, 1, 0, "EngInf : ", "DrvInf STATUS: ok.", OFF
2026-06-08T23:09:56, 00:03:29, 775, log, 4642, 0, 0, 0, 0, 0, 0, [], ERROR, 0, 0, 1, 0, 0, 0, 0, 0, 0, 0, 0, 0, 0, 0, 0, fwd, SPEED, DRIVER_RUNNING, 0, 20, 15, 1, 0, "EngInf : ", "DrvInf STATUS: ok.", OFF
2026-06-08T23:09:58, 00:03:31, 777, log, 4642, 0, 0, 0, 0, 0, 0, [], ERROR, 0, 0, 1, 0, 0, 0, 0, 0, 0, 0, 0, 0, 0, 0, 0, fwd, SPEED, DRIVER_RUNNING, 0, 20, 15, 1, 0, "EngInf : ", "DrvInf STATUS: ok.", OFF
2026-06-08T23:09:59, 00:03:32, 779, log, 4642, 0, 0, 0, 0, 0, 0, [], ERROR, 0, 0, 1, 0, 0, 0, 0, 0, 0, 0, 0, 0, 0, 0, 0, fwd, SPEED, DRIVER_RUNNING, 0, 20, 15, 1, 0, "EngInf : ", "DrvInf STATUS: ok.", OFF
2026-06-08T23:10:00, 00:03:33, 781, log, 4642, 0, 0, 0, 0, 0, 0, [], ERROR, 0, 0, 1, 0, 0, 0, 0, 0, 0, 0, 0, 0, 0, 0, 0, fwd, SPEED, DRIVER_RUNNING, 0, 20, 15, 1, 0, "EngInf : ", "DrvInf STATUS: ok.", OFF
2026-06-08T23:10:01, 00:03:34, 782, log, 4641, 0, 0, 0, 0, 0, 0, [], ERROR, 0, 0, 1, 0, 0, 0, 0, 0, 0, 0, 0, 0, 0, 0, 0, fwd, SPEED, DRIVER_RUNNING, 0, 20, 15, 1, 0, "EngInf : ", "DrvInf STATUS: ok.", OFF
2026-06-08T23:10:02, 00:03:35, 782, log, 4641, 0, 0, 0, 0, 0, 0, [], ERROR, 0, 0, 1, 0, 0, 0, 0, 0, 0, 0, 0, 0, 0, 0, 0, fwd, SPEED, DRIVER_RUNNING, 0, 20, 15, 1, 0, "EngInf : ", "DrvInf STATUS: ok.", OFF
2026-06-08T23:10:03, 00:03:36, 784, log, 4642, 0, 0, 0, 0, 0, 0, [], ERROR, 0, 0, 1, 0, 0, 0, 0, 0, 0, 0, 0, 0, 0, 0, 0, fwd, SPEED, DRIVER_RUNNING, 0, 20, 15, 1, 0, "EngInf : ", "DrvInf STATUS: ok.", OFF
2026-06-08T23:10:04, 00:03:37, 786, log, 4642, 0, 0, 0, 0, 0, 0, [], ERROR, 0, 0, 1, 0, 0, 0, 0, 0, 0, 0, 0, 0, 0, 0, 0, fwd, SPEED, DRIVER_RUNNING, 0, 20, 15, 1, 0, "EngInf : ", "DrvInf STATUS: ok.", OFF
2026-06-08T23:10:05, 00:03:38, 786, log, 4642, 0, 0, 0, 0, 0, 0, [], ERROR, 0, 0, 1, 0, 0, 0, 0, 0, 0, 0, 0, 0, 0, 0, 0, fwd, SPEED, DRIVER_RUNNING, 0, 20, 15, 1, 0, "EngInf : ", "DrvInf STATUS: ok.", OFF
2026-06-08T23:10:06, 00:03:39, 786, log, 4642, 0, 0, 0, 0, 0, 0, [], ERROR, 0, 0, 1, 0, 0, 0, 0, 0, 0, 0, 0, 0, 0, 0, 0, fwd, SPEED, DRIVER_RUNNING, 0, 20, 15, 1, 0, "EngInf : ", "DrvInf STATUS: ok.", OFF
2026-06-08T23:10:07, 00:03:40, 787, log, 4642, 0, 0, 0, 0, 0, 0, [], ERROR, 0, 0, 1, 0, 0, 0, 0, 0, 0, 0, 0, 0, 0, 0, 0, fwd, SPEED, DRIVER_RUNNING, 0, 20, 15, 1, 0, "EngInf : ", "DrvInf STATUS: ok.", OFF
2026-06-08T23:10:08, 00:03:41, 787, log, 4642, 0, 0, 0, 0, 0, 0, [], ERROR, 0, 0, 1, 0, 0, 0, 0, 0, 0, 0, 0, 0, 0, 0, 0, fwd, SPEED, DRIVER_RUNNING, 0, 20, 15, 1, 0, "EngInf : ", "DrvInf STATUS: ok.", OFF
2026-06-08T23:10:09, 00:03:42, 789, log, 4642, 0, 0, 0, 0, 0, 0, [], ERROR, 0, 0, 1, 0, 0, 0, 0, 0, 0, 0, 0, 0, 0, 0, 0, fwd, SPEED, DRIVER_RUNNING, 0, 20, 15, 1, 0, "EngInf : ", "DrvInf STATUS: ok.", OFF
2026-06-08T23:10:10, 00:03:43, 791, log, 4642, 0, 0, 0, 0, 0, 0, [], ERROR, 0, 0, 1, 0, 0, 0, 0, 0, 0, 0, 0, 0, 0, 0, 0, fwd, SPEED, DRIVER_RUNNING, 0, 20, 15, 1, 0, "EngInf : ", "DrvInf STATUS: ok.", OFF
2026-06-08T23:10:11, 00:03:44, 792, log, 4642, 0, 0, 0, 0, 0, 0, [], ERROR, 0, 0, 1, 0, 0, 0, 0, 0, 0, 0, 0, 0, 0, 0, 0, fwd, SPEED, DRIVER_RUNNING, 0, 20, 15, 1, 0, "EngInf : ", "DrvInf STATUS: ok.", OFF
2026-06-08T23:10:12, 00:03:45, 793, log, 4639, 0, 0, 0, 0, 0, 0, [], ERROR, 0, 0, 1, 0, 0, 0, 0, 0, 0, 0, 0, 0, 0, 0, 0, fwd, SPEED, DRIVER_RUNNING, 0, 20, 15, 1, 0, "EngInf : ", "DrvInf STATUS: ok.", OFF
2026-06-08T23:10:13, 00:03:46, 794, log, 4642, 0, 0, 0, 0, 0, 0, [], ERROR, 0, 0, 1, 0, 0, 0, 0, 0, 0, 0, 0, 0, 0, 0, 0, fwd, SPEED, DRIVER_RUNNING, 0, 20, 15, 1, 0, "EngInf : ", "DrvInf STATUS: ok.", OFF
2026-06-08T23:10:14, 00:03:47, 794, log, 4642, 0, 0, 0, 0, 0, 0, [], ERROR, 0, 0, 1, 0, 0, 0, 0, 0, 0, 0, 0, 0, 0, 0, 0, fwd, SPEED, DRIVER_RUNNING, 0, 20, 15, 1, 0, "EngInf : ", "DrvInf STATUS: ok.", OFF
2026-06-08T23:10:15, 00:03:48, 796, log, 4642, 0, 0, 0, 0, 0, 0, [], ERROR, 0, 0, 1, 0, 0, 0, 0, 0, 0, 0, 0, 0, 0, 0, 0, fwd, SPEED, DRIVER_RUNNING, 0, 20, 15, 1, 0, "EngInf : ", "DrvInf STATUS: ok.", OFF
2026-06-08T23:10:16, 00:03:49, 798, log, 4642, 0, 0, 0, 0, 0, 0, [], ERROR, 0, 0, 1, 0, 0, 0, 0, 0, 0, 0, 0, 0, 0, 0, 0, fwd, SPEED, DRIVER_RUNNING, 0, 20, 15, 1, 0, "EngInf : ", "DrvInf STATUS: ok.", OFF
2026-06-08T23:10:17, 00:03:50, 799, log, 4642, 0, 0, 0, 0, 0, 0, [], ERROR, 0, 0, 1, 0, 0, 0, 0, 0, 0, 0, 0, 0, 0, 0, 0, fwd, SPEED, DRIVER_RUNNING, 0, 20, 15, 1, 0, "EngInf : ", "DrvInf STATUS: ok.", OFF
2026-06-08T23:10:18, 00:03:51, 800, log, 4643, 0, 0, 0, 0, 0, 0, [], ERROR, 0, 0, 1, 0, 0, 0, 0, 0, 0, 0, 0, 0, 0, 0, 0, fwd, SPEED, DRIVER_RUNNING, 0, 20, 15, 1, 0, "EngInf : ", "DrvInf STATUS: ok.", OFF
2026-06-08T23:10:19, 00:03:52, 801, log, 4643, 0, 0, 0, 0, 0, 0, [], ERROR, 0, 0, 1, 0, 0, 0, 0, 0, 0, 0, 0, 0, 0, 0, 0, fwd, SPEED, DRIVER_RUNNING, 0, 20, 15, 1, 0, "EngInf : ", "DrvInf STATUS: ok.", OFF
2026-06-08T23:10:20, 00:03:53, 803, log, 4640, 0, 0, 0, 0, 0, 0, [], ERROR, 0, 0, 1, 0, 0, 0, 0, 0, 0, 0, 0, 0, 0, 0, 0, fwd, SPEED, DRIVER_RUNNING, 0, 20, 15, 1, 0, "EngInf : ", "DrvInf STATUS: ok.", OFF
2026-06-08T23:10:21, 00:03:54, 805, log, 4643, 0, 0, 0, 0, 0, 0, [], ERROR, 0, 0, 1, 0, 0, 0, 0, 0, 0, 0, 0, 0, 0, 0, 0, fwd, SPEED, DRIVER_RUNNING, 0, 20, 15, 1, 0, "EngInf : ", "DrvInf STATUS: ok.", OFF
2026-06-08T23:10:22, 00:03:55, 807, log, 4642, 0, 0, 0, 0, 0, 0, [], ERROR, 0, 0, 1, 0, 0, 0, 0, 0, 0, 0, 0, 0, 0, 0, 0, fwd, SPEED, DRIVER_RUNNING, 0, 20, 15, 1, 0, "EngInf : ", "DrvInf STATUS: ok.", OFF
2026-06-08T23:10:23, 00:03:56, 809, log, 4642, 0, 0, 0, 0, 0, 0, [], ERROR, 0, 0, 1, 0, 0, 0, 0, 0, 0, 0, 0, 0, 0, 0, 0, fwd, SPEED, DRIVER_RUNNING, 0, 20, 15, 1, 0, "EngInf : ", "DrvInf STATUS: ok.", OFF
2026-06-08T23:10:24, 00:03:57, 811, log, 4642, 0, 0, 0, 0, 0, 0, [], ERROR, 0, 0, 1, 0, 0, 0, 0, 0, 0, 0, 0, 0, 0, 0, 0, fwd, SPEED, DRIVER_RUNNING, 0, 20, 15, 1, 0, "EngInf : ", "DrvInf STATUS: ok.", OFF
2026-06-08T23:10:25, 00:03:58, 813, log, 4642, 0, 0, 0, 0, 0, 0, [], ERROR, 0, 0, 1, 0, 0, 0, 0, 0, 0, 0, 0, 0, 0, 0, 0, fwd, SPEED, DRIVER_RUNNING, 0, 20, 15, 1, 0, "EngInf : ", "DrvInf STATUS: ok.", OFF
2026-06-08T23:10:26, 00:03:59, 815, log, 4642, 0, 0, 0, 0, 0, 0, [], ERROR, 0, 0, 1, 0, 0, 0, 0, 0, 0, 0, 0, 0, 0, 0, 0, fwd, SPEED, DRIVER_RUNNING, 0, 20, 15, 1, 0, "EngInf : ", "DrvInf STATUS: ok.", OFF
2026-06-08T23:10:27, 00:04:00, 817, log, 4642, 0, 0, 0, 0, 0, 0, [], ERROR, 0, 0, 1, 0, 0, 0, 0, 0, 0, 0, 0, 0, 0, 0, 0, fwd, SPEED, DRIVER_RUNNING, 0, 20, 15, 1, 0, "EngInf : ", "DrvInf STATUS: ok.", OFF
2026-06-08T23:10:28, 00:04:01, 819, log, 4642, 0, 0, 0, 0, 0, 0, [], ERROR, 0, 0, 1, 0, 0, 0, 0, 0, 0, 0, 0, 0, 0, 0, 0, fwd, SPEED, DRIVER_RUNNING, 0, 20, 15, 1, 0, "EngInf : ", "DrvInf STATUS: ok.", OFF
2026-06-08T23:10:29, 00:04:02, 821, log, 4643, 0, 0, 0, 0, 0, 0, [], ERROR, 0, 0, 1, 0, 0, 0, 0, 0, 0, 0, 0, 0, 0, 0, 0, fwd, SPEED, DRIVER_RUNNING, 0, 20, 15, 1, 0, "EngInf : ", "DrvInf STATUS: ok.", OFF
2026-06-08T23:10:30, 00:04:03, 823, log, 4643, 0, 0, 0, 0, 0, 0, [], ERROR, 0, 0, 1, 0, 0, 0, 0, 0, 0, 0, 0, 0, 0, 0, 0, fwd, SPEED, DRIVER_RUNNING, 0, 20, 15, 1, 0, "EngInf : ", "DrvInf STATUS: ok.", OFF
2026-06-08T23:10:31, 00:04:04, 825, log, 4639, 0, 0, 0, 0, 0, 0, [], ERROR, 0, 0, 1, 0, 0, 0, 0, 0, 0, 0, 0, 0, 0, 0, 0, fwd, SPEED, DRIVER_RUNNING, 0, 20, 15, 1, 0, "EngInf : ", "DrvInf STATUS: ok.", OFF
2026-06-08T23:10:32, 00:04:05, 827, log, 4644, 0, 0, 0, 0, 0, 0, [], ERROR, 0, 0, 1, 0, 0, 0, 0, 0, 0, 0, 0, 0, 0, 0, 0, fwd, SPEED, DRIVER_RUNNING, 0, 20, 15, 1, 0, "EngInf : ", "DrvInf STATUS: ok.", OFF
2026-06-08T23:10:33, 00:04:06, 829, log, 4641, 0, 0, 0, 0, 0, 0, [], ERROR, 0, 0, 1, 0, 0, 0, 0, 0, 0, 0, 0, 0, 0, 0, 0, fwd, SPEED, DRIVER_RUNNING, 0, 20, 15, 1, 0, "EngInf : ", "DrvInf STATUS: ok.", OFF
2026-06-08T23:10:34, 00:04:07, 831, log, 4641, 0, 0, 0, 0, 0, 0, [], ERROR, 0, 0, 1, 0, 0, 0, 0, 0, 0, 0, 0, 0, 0, 0, 0, fwd, SPEED, DRIVER_RUNNING, 0, 20, 15, 1, 0, "EngInf : ", "DrvInf STATUS: ok.", OFF
2026-06-08T23:10:35, 00:04:08, 832, log, 4644, 0, 0, 0, 0, 0, 0, [], ERROR, 0, 0, 1, 0, 0, 0, 0, 0, 0, 0, 0, 0, 0, 0, 0, fwd, SPEED, ENGINEER_BACKGROUND, 0, 20, 15, 1, 0, "EngInf : ", "DrvInf STATUS: ok.", OFF
2026-06-08T23:10:36, 00:04:09, 834, log, 4641, 0, 0, 0, 0, 0, 0, [], ERROR, 0, 0, 1, 0, 0, 0, 0, 0, 0, 0, 0, 0, 0, 0, 0, fwd, SPEED, SPEED, 0, 20, 15, 1, 0, "EngInf : ", "DrvInf STATUS: ok.", OFF
2026-06-08T23:10:37, 00:04:10, 836, log, 4641, 0, 0, 0, 0, 0, 0, [], ERROR, 0, 0, 1, 0, 0, 0, 0, 0, 0, 0, 0, 0, 0, 0, 0, fwd, SPEED, SPEED, 0, 20, 15, 1, 0, "EngInf : ", "DrvInf STATUS: ok.", OFF
